Name,ISIN,Type
Alphabet Inc Class A,US02079K3059,EQUITY
Barrick Gold Corporation,CA0679011084,EQUITY
BASF SE,DE000BASF111,EQUITY
Coinbase Global Inc Class A,US19260Q1076,EQUITY
LVMH Moet Hennessy Louis Vuitton SE,FR0000121014,EQUITY
Medtronic plc,IE00BTN1Y115,EQUITY
Nestle S.A.,CH0038863350,EQUITY
Newmont Corporation,US6516391066,EQUITY
Novo Nordisk A/S B,DK0062498333,EQUITY
PayPal Holdings Inc,US70450Y1038,EQUITY
PepsiCo Inc,US7134481081,EQUITY
Pfizer Inc,US7170811035,EQUITY